energy_keV,linear_attenuation_coefficient
100,62.64821
150,22.73806
200,11.273065
300,4.550999
400,2.622667
500,1.822206
600,1.408992
800,1.001423
1000,0.8018158
